100042,86H
100192,86D
100223,86C
100232,86A
100343,86H
101112,86B
101305,86A
101298,86B
101304,86B
102022,86B
316438,86A
104852,86E
105044,86H
107296,86F
107311,86H
104902,86E
302451,86B
305585,86A
113089,86E
112844,86E
112845,86F
320026,86G
111463,86E
111467,86F
111468,86F
111469,86G
297990,86B
316271,86H
111471,86F
111472,86F
111476,86D
111477,86D
117920,86H
113931,86E
135190,86G
101301,86A
123790,86D
125900,86G
129250,86E
140654,86C
140659,86B
140686,86E
140709,86F
142307,86E
140731,86F
140641,86B
140645,86B
140646,86E
132495,86B
15753,86E
144713,86G
14586,86B
139006,86B
15082,86E
15083,86E
170943,86G
170946,86G
170947,86G
170948,86G
170950,86F
170956,86G
170957,86G
153774,86C
170960,86G
170961,86G
170963,86F
170964,86C
170969,86C
172742,86A
172743,86C
172744,86C
172746,86C
172747,86H
172748,86C
172750,86C
171343,86F
169915,86A
173343,86C
170972,86F
170975,86G
170976,86G
170979,86F
170980,86C
170981,86F
170982,86C
170983,86C
172751,86H
172753,86C
172782,86C
170864,86F
171506,86B
153830,86C
153833,86C
153846,86C
153847,86C
154239,86C
153862,86C
154264,86C
154265,86C
15535,86F
157232,86B
153790,86C
153794,86C
154103,86C
153806,86C
154202,86C
156911,86A
15494,86F
15495,86F
153824,86C
153826,86C
184076,86A
176573,86H
192405,86G
192543,86C
185145,86H
188054,86B
195378,86E
168990,86F
169102,86H
164822,86F
196425,86C
193959,86A
206465,86G
205814,86B
200348,86B
212046,86C
205081,86H
205082,86F
205281,86F
207609,86B
206342,86G
210736,86F
174634,86F
209561,86F
184566,86C
174728,86A
185429,86F
217352,86G
216070,86F
217060,86G
217206,86E
309786,86D
100189,86H
244404,86C
229261,86E
220450,86G
234057,86F
282117,86H
277300,86B
281727,86D
280134,86C
255609,86F
275595,86C
275600,86B
256405,86D
267659,86E
255032,86C
262681,86A
252650,86A
274375,86B
302828,86C
35528,86C
286420,86B
287493,86C
301979,86H
285395,86F
37287,86A
311419,86B
320428,86B
42348,86G
42349,86C
42350,86C
42351,86C
42352,86C
43140,86H
42157,86F
42161,86G
42333,86H
42165,86F
42168,86F
42336,86D
42337,86D
42339,86H
42340,86D
42345,86C
44112,86C
44113,86E
43131,86H
43134,86H
43520,86E
43344,86G
42466,86G
42468,86G
42469,86G
42470,86G
42472,86C
42509,86E
42511,86G
42517,86E
42520,86B
42521,86B
42524,86B
42525,86B
37370,86C
37373,86C
37374,86C
37376,86C
37377,86C
37378,86C
37379,86C
37383,86C
43182,86H
42375,86G
42376,86G
42377,86G
42378,86G
42380,86C
42381,86C
37384,86C
37386,86C
37388,86C
42384,86G
46548,86F
44185,86C
44240,86E
46361,86H
46364,86H
46381,86G
46409,86H
46411,86H
46478,86D
65821,86B
65823,86B
65824,86B
65826,86B
65828,86B
65829,86B
65830,86B
65832,86B
65833,86B
65834,86B
65835,86B
65836,86B
66418,86F
66419,86F
66420,86F
66422,86F
66423,86F
66424,86F
66425,86F
66426,86F
66427,86F
66428,86F
66430,86F
66432,86F
65813,86B
65814,86B
65815,86B
65816,86B
65817,86B
65818,86B
65819,86B
66434,86F
66435,86F
66436,86F
64097,86F
64098,86F
64099,86F
64100,86F
64102,86F
64104,86F
64105,86F
64106,86F
64108,86F
67642,86E
67643,86E
67644,86E
67645,86E
67646,86E
67647,86E
67648,86E
67649,86E
67650,86E
67653,86E
67655,86E
67657,86E
66869,86G
67658,86E
67659,86E
66871,86G
66872,86G
66873,86G
66874,86G
71037,86D
100218,86H
72536,86E
72539,86F
72541,86H
72542,86F
72544,86H
72545,86E
72546,86E
72547,86H
72652,86G
72553,86A
72554,86A
72556,86A
72557,86A
72558,86A
72559,86A
72560,86A
72562,86A
72563,86A
72564,86A
72565,86A
72566,86A
72567,86A
72568,86A
72571,86A
72574,86A
72575,86A
72576,86A
72639,86D
72676,86C
72640,86G
72642,86D
72644,86G
72645,86F
72646,86D
72649,86B
72650,86G
72651,86G
72655,86B
72657,86C
72658,86C
72659,86G
72660,86B
72661,86G
72662,86C
72663,86G
72665,86B
72666,86G
72667,86B
72669,86C
72491,86B
72672,86G
72673,86C
72524,86F
72526,86E
72675,86B
72677,86B
72531,86D
79586,86A
79641,86C
79663,86B
81840,86B
81845,86G
81256,86A
82159,86A
82161,86B
82162,86B
82164,86F
82165,86F
82167,86A
82168,86A
82066,86G
82072,86A
82172,86A
82173,86G
82174,86H
82176,86H
82177,86D
82179,86H
82180,86D
82182,86H
82183,86H
82184,86G
82196,86G
84734,86B
84735,86H
84861,86C
84736,86H
84740,86H
84742,86D
84743,86D
84744,86H
84745,86D
84746,86A
84747,86D
84748,86D
84751,86H
83430,86B
83431,86F
83432,86F
79747,86B
84898,86A
84900,86H
84901,86F
84902,86B
80022,86A
80023,86A
80024,86A
80025,86A
80026,86A
80027,86A
85151,86C
84981,86G
84982,86G
84984,86A
88279,86F
84985,86B
84986,86G
84987,86F
88400,86B
88756,86G
88757,86G
87050,86C
84965,86D
84966,86H
97340,86A
100057,86D
93392,86C
93394,86C
93396,86C
99948,86B
99949,86B
203407,86F
202193,86H
43141,86H
46407,86H
97987,86H
98003,86A
98644,86E
98645,86E
98646,86F
98649,86H
98004,86H
98008,86A
98650,86H
98036,86A
98038,86A
98047,86A
98051,86A
98052,86A
183802,86B
184017,86B
184021,86B
184022,86B
184023,86B
184007,86B
184196,86F
184199,86F
184200,86F
184201,86F
184202,86F
184204,86F
184209,86F
184210,86F
184219,86F
184240,86F
184025,86B
184027,86B
184031,86B
184033,86B
184037,86B
184038,86B
184039,86B
192668,86G
192675,86G
184220,86F
183988,86B
183989,86B
183990,86B
183991,86B
183999,86B
184002,86B
184008,86B
184009,86B
184019,86B
321493,86A
504467,86H
503795,86G
325061,86G
501046,86C
504943,86G
504459,86C
324709,86C
332968,86B
326822,86B
306010,85C
503238,86F
504060,86G
504441,86E
502546,86F
324867,86G
326792,86B
501058,86C
504017,86B
505023,86F
502138,86C
504521,86C
501580,86B
501247,86F
321042,86C
329219,86B
502460,86A
504058,86C
315422,86C
500958,86F
504465,86G
504069,86G
504523,86D
325047,86B
502144,86C
500040,86H
324666,86B
501060,86H
502543,86D
501189,86A
320184,86B
502139,86B
502789,86A
331131,86E
247398,86F
501878,86G
324059,86B
184228,86F
314490,86F
200068,86E
200076,86E
200077,86E
200079,86E
200083,86E
200090,86E
200091,86E
200104,86E
200105,86E
200225,86B
212444,86B
212446,86B
212448,86B
212449,86B
274786,86D
250079,86B
250080,86B
250083,86B
247355,86E
249399,86E
304361,86B
304363,86B
200092,86E
321141,86G
320366,86D
501296,86E
321492,86A
326134,86A
154240,86C
183271,86B
200074,86E
200084,86E
66433,86F
67654,86E
66870,86G
72521,86F
72552,86A
72555,86B
99203,86H
98006,86H
250081,86B
72569,86A
111474,86H
183776,86F
37382,86C
198111,86B
111479,86H
72653,86D
72656,86C
72664,86G
72668,86B
72671,86B
81790,86H
100190,86B
98035,86H
98042,86A
184026,86B
72641,86G
15493,86F
153831,86C
43346,86D
42467,86G
42838,86E
101306,86B
102727,86C
64103,86F
64107,86F
65822,86B
65825,86B
66429,86F
111466,86G
43132,86H
184036,86B
184213,86F
184239,86F
183995,86B
184016,86B
84899,86B
84737,86D
84741,86D
84862,86E
291362,86H
43142,86H
42334,86H
42335,86D
42338,86D
42341,86D
140661,86E
82155,86E
82170,86B
82175,86H
82178,86H
82181,86D
291930,86C
286630,86C
198816,86E
183270,86B
183272,86B
46410,86D
84983,86A
84989,86B
93398,86C
93648,86H
93873,86G
84738,86H
143812,86B
216752,86C
219531,86B
205285,86H
200106,86E
81791,86H
245751,86B
184214,86F
200069,86E
200073,86E
200078,86E
72572,86A
200081,86E
200098,86E
200099,86E
247354,86E
246550,86A
37381,86C
43133,86H
114358,86B
105043,86D
112847,86B
317812,86B
42519,86B
153787,86C
275596,86H
281161,86C
294984,86B
171596,86H
153805,86C
187062,86G
187613,86E
170945,86F
180647,86E
144715,86B
229262,86F
231303,86H
221970,86H
153861,86C
154266,86C
153788,86C
170951,86G
170967,86C
170984,86C
172899,86C
85454,86H
72538,86F
72550,86F
72561,86B
64101,86F
72573,86B
72643,86G
72670,86C
67651,86E
84739,86H
66431,86F
231479,86G
37371,86C
204986,86E
213664,86B
291891,86G
98647,86G
98044,86H
184000,86B
111478,86H
184034,86B
200087,86E
200088,86E
82171,86G
184221,86F
200071,86E
212445,86B
304359,86B
140666,86E
200096,86E
200070,86E
200080,86E
200086,86E
200100,86E
200097,86E
200107,86E
200108,86E
200109,86E
200110,86E
200111,86E
211205,86E
211206,86E
211208,86E
321507,86B
200089,86E
211209,86E
200103,86E
211207,86E
184029,86B
184235,86F
42526,86B
42353,86C
42343,86G
46362,86H
200347,86B
154102,86C
170958,86F
170970,86F
16572,86F
320427,86G
93395,86C
72654,86C
198817,86E
203779,86A
140696,86D
316914,86G
215988,86B
232180,86A
212451,86B
308780,86C
271439,86E
151041,86B
65837,86B
274374,86B
65820,86B
67660,86E
66875,86G
72577,86B
72647,86D
72674,86C
81726,86D
81792,86H
79575,86C
84750,86H
82160,86G
82163,86F
87049,86G
42515,86B
99201,86D
98005,86D
320201,86B
183777,86F
191824,86G
212747,86B
327620,86B
323452,86A
184195,86F
184212,86F
316965,86B
169002,86G
170899,86B
170897,86B
170898,86B
327072,86B
103648,86B
192669,86G
183994,86B
184024,86B
184208,86F
184230,86F
324669,86A
333295,86C
247389,86F
311274,86C
99962,86B
247380,86F
247387,86F
37372,86C
316913,86F
504760,86F
504541,86B
501876,86G
504466,86A
326155,86C
125796,86A
320452,86F
502544,86F
504458,86D
333977,86A
502547,86C
317032,86G
504082,86F
331625,86B
504070,86A
502459,86G
502461,86G
504071,86E
505024,86F
502562,86A
